Year,Temp (Â°C),Population (Billion),CO2 (ppm),Internet Access (%),Source
1500,-0.3,0.05,279.9998436859956,0.0,Synthetic_GHA_2025
1501,-0.3,0.05,280.01413317682875,0.0,Synthetic_GHA_2025
1502,-0.3,0.05,280.0284226176025,0.0,Synthetic_GHA_2025
1503,-0.3,0.05,280.0427120122059,0.0,Synthetic_GHA_2025
1504,-0.3,0.05,280.0570013647145,0.0,Synthetic_GHA_2025
1505,-0.3,0.05,280.0712906809278,0.0,Synthetic_GHA_2025
1506,-0.29,0.05,280.08557996475184,0.0,Synthetic_GHA_2025
1507,-0.29,0.05,280.0998692195935,0.0,Synthetic_GHA_2025
1508,-0.29,0.05,280.1141584451249,0.0,Synthetic_GHA_2025
1509,-0.29,0.05,280.1284476405898,0.0,Synthetic_GHA_2025
1510,-0.29,0.06,280.14273680889,0.0,Synthetic_GHA_2025
1511,-0.29,0.06,280.1570259529508,0.0,Synthetic_GHA_2025
1512,-0.29,0.06,280.17131507741556,0.0,Synthetic_GHA_2025
1513,-0.29,0.06,280.18560418517876,0.0,Synthetic_GHA_2025
1514,-0.29,0.06,280.1998932787594,0.0,Synthetic_GHA_2025
1515,-0.29,0.06,280.2141823571699,0.0,Synthetic_GHA_2025
1516,-0.29,0.06,280.22847141911745,0.0,Synthetic_GHA_2025
1517,-0.29,0.06,280.2427604664561,0.0,Synthetic_GHA_2025
1518,-0.28,0.06,280.2570495011547,0.0,Synthetic_GHA_2025
1519,-0.28,0.06,280.2713385266671,0.0,Synthetic_GHA_2025
1520,-0.28,0.06,280.28562754481914,0.0,Synthetic_GHA_2025
1521,-0.28,0.06,280.2999165571061,0.0,Synthetic_GHA_2025
1522,-0.28,0.06,280.31420556158247,0.0,Synthetic_GHA_2025
1523,-0.28,0.06,280.3284945559162,0.0,Synthetic_GHA_2025
1524,-0.28,0.06,280.34278354066015,0.0,Synthetic_GHA_2025
1525,-0.28,0.06,280.3570725163307,0.0,Synthetic_GHA_2025
1526,-0.28,0.06,280.37136148486803,0.0,Synthetic_GHA_2025
1527,-0.28,0.06,280.385650446553,0.0,Synthetic_GHA_2025
1528,-0.28,0.07,280.3999394012128,0.0,Synthetic_GHA_2025
1529,-0.28,0.07,280.4142283450408,0.0,Synthetic_GHA_2025
1530,-0.27,0.07,280.4285172735218,0.0,Synthetic_GHA_2025
1531,-0.27,0.07,280.44280618489466,0.0,Synthetic_GHA_2025
1532,-0.27,0.07,280.4570950772342,0.0,Synthetic_GHA_2025
1533,-0.27,0.07,280.4713839500007,0.0,Synthetic_GHA_2025
1534,-0.27,0.07,280.48567280061144,0.0,Synthetic_GHA_2025
1535,-0.27,0.07,280.49996162577156,0.0,Synthetic_GHA_2025
1536,-0.27,0.07,280.51425041757557,0.0,Synthetic_GHA_2025
1537,-0.27,0.07,280.52853916669994,0.0,Synthetic_GHA_2025
1538,-0.27,0.07,280.54282786649367,0.0,Synthetic_GHA_2025
1539,-0.27,0.07,280.55711650942254,0.0,Synthetic_GHA_2025
1540,-0.27,0.07,280.5714050888811,0.0,Synthetic_GHA_2025
1541,-0.26,0.07,280.5856935945552,0.0,Synthetic_GHA_2025
1542,-0.26,0.07,280.5999820135824,0.0,Synthetic_GHA_2025
1543,-0.26,0.08,280.6142703245581,0.0,Synthetic_GHA_2025
1544,-0.26,0.08,280.6285585008034,0.0,Synthetic_GHA_2025
1545,-0.26,0.08,280.64284651518454,0.0,Synthetic_GHA_2025
1546,-0.26,0.08,280.6571343343504,0.0,Synthetic_GHA_2025
1547,-0.26,0.08,280.6714219210545,0.0,Synthetic_GHA_2025
1548,-0.26,0.08,280.68570922854775,0.0,Synthetic_GHA_2025
1549,-0.26,0.08,280.69999620737894,0.0,Synthetic_GHA_2025
1550,-0.26,0.08,280.7142828094454,0.0,Synthetic_GHA_2025
1551,-0.26,0.08,280.7285690215897,0.0,Synthetic_GHA_2025
1552,-0.26,0.08,280.74285492713193,0.0,Synthetic_GHA_2025
1553,-0.25,0.08,280.7571406889447,0.0,Synthetic_GHA_2025
1554,-0.25,0.08,280.7714264898956,0.0,Synthetic_GHA_2025
1555,-0.25,0.08,280.7857123627847,0.0,Synthetic_GHA_2025
1556,-0.25,0.09,280.79999828729956,0.0,Synthetic_GHA_2025
1557,-0.25,0.09,280.81428420589884,0.0,Synthetic_GHA_2025
1558,-0.25,0.09,280.82857006107344,0.0,Synthetic_GHA_2025
1559,-0.25,0.09,280.842855832697,0.0,Synthetic_GHA_2025
1560,-0.25,0.09,280.85714155368754,0.0,Synthetic_GHA_2025
1561,-0.25,0.09,280.8714273142041,0.0,Synthetic_GHA_2025
1562,-0.25,0.09,280.88571314710924,0.0,Synthetic_GHA_2025
1563,-0.25,0.09,280.89999903214544,0.0,Synthetic_GHA_2025
1564,-0.25,0.09,280.91428491182296,0.0,Synthetic_GHA_2025
1565,-0.24,0.09,280.9285707286829,0.0,Synthetic_GHA_2025
1566,-0.24,0.09,280.9428564626318,0.0,Synthetic_GHA_2025
1567,-0.24,0.09,280.9571421466524,0.0,Synthetic_GHA_2025
1568,-0.24,0.1,280.971427870955,0.0,Synthetic_GHA_2025
1569,-0.24,0.1,280.9857136684825,0.0,Synthetic_GHA_2025
1570,-0.24,0.1,280.99999951904664,0.0,Synthetic_GHA_2025
1571,-0.24,0.1,281.0142853652203,0.0,Synthetic_GHA_2025
1572,-0.24,0.1,281.02857114960244,0.0,Synthetic_GHA_2025
1573,-0.24,0.1,281.04285685213716,0.0,Synthetic_GHA_2025
1574,-0.24,0.1,281.0571425058691,0.0,Synthetic_GHA_2025
1575,-0.24,0.1,281.07142820105383,0.0,Synthetic_GHA_2025
1576,-0.23,0.1,281.0857139707034,0.0,Synthetic_GHA_2025
1577,-0.23,0.1,281.09999979468176,0.0,Synthetic_GHA_2025
1578,-0.23,0.11,281.11428561560336,0.0,Synthetic_GHA_2025
1579,-0.23,0.11,281.12857137609836,0.0,Synthetic_GHA_2025
1580,-0.23,0.11,281.1428570561184,0.0,Synthetic_GHA_2025
1581,-0.23,0.11,281.15714268873216,0.0,Synthetic_GHA_2025
1582,-0.23,0.11,281.17142836419987,0.0,Synthetic_GHA_2025
1583,-0.23,0.11,281.18571411555524,0.0,Synthetic_GHA_2025
1584,-0.23,0.11,281.1999999226638,0.0,Synthetic_GHA_2025
1585,-0.23,0.11,281.21428572812727,0.0,Synthetic_GHA_2025
1586,-0.23,0.11,281.22857147455005,0.0,Synthetic_GHA_2025
1587,-0.23,0.11,281.2428571418301,0.0,Synthetic_GHA_2025
1588,-0.22,0.12,281.2571427629988,0.0,Synthetic_GHA_2025
1589,-0.22,0.12,281.27142842825566,0.0,Synthetic_GHA_2025
1590,-0.22,0.12,281.28571417059095,0.0,Synthetic_GHA_2025
1591,-0.22,0.12,281.29999996980865,0.0,Synthetic_GHA_2025
1592,-0.22,0.12,281.31428576843757,0.0,Synthetic_GHA_2025
1593,-0.22,0.12,281.3285715089969,0.0,Synthetic_GHA_2025
1594,-0.22,0.12,281.3428571712794,0.0,Synthetic_GHA_2025
1595,-0.22,0.12,281.35714278822974,0.0,Synthetic_GHA_2025
1596,-0.22,0.12,281.3714284499488,0.0,Synthetic_GHA_2025
1597,-0.22,0.13,281.3857141893483,0.0,Synthetic_GHA_2025
1598,-0.22,0.13,281.39999998614957,0.0,Synthetic_GHA_2025
1599,-0.22,0.13,281.41428578279766,0.0,Synthetic_GHA_2025
1600,-0.21,0.13,281.4285715217311,0.0,Synthetic_GHA_2025
1601,-0.21,0.13,281.4428571826572,0.0,Synthetic_GHA_2025
1602,-0.21,0.13,281.45714279846095,0.0,Synthetic_GHA_2025
1603,-0.21,0.13,281.47142845918484,0.0,Synthetic_GHA_2025
1604,-0.21,0.13,281.48571419770985,0.0,Synthetic_GHA_2025
1605,-0.21,0.14,281.49999999372966,0.0,Synthetic_GHA_2025
1606,-0.21,0.14,281.5142857896707,0.0,Synthetic_GHA_2025
1607,-0.21,0.14,281.5285715279592,0.0,Synthetic_GHA_2025
1608,-0.21,0.14,281.5428571882909,0.0,Synthetic_GHA_2025
1609,-0.21,0.14,281.5571428035462,0.0,Synthetic_GHA_2025
1610,-0.21,0.14,281.57142846376365,0.0,Synthetic_GHA_2025
1611,-0.2,0.14,281.5857142018223,0.0,Synthetic_GHA_2025
1612,-0.2,0.15,281.59999999741507,0.0,Synthetic_GHA_2025
1613,-0.2,0.15,281.6142857929653,0.0,Synthetic_GHA_2025
1614,-0.2,0.15,281.62857153089755,0.0,Synthetic_GHA_2025
1615,-0.2,0.15,281.64285719090486,0.0,Synthetic_GHA_2025
1616,-0.2,0.15,281.65714280586593,0.0,Synthetic_GHA_2025
1617,-0.2,0.15,281.6714284658168,0.0,Synthetic_GHA_2025
1618,-0.2,0.15,281.6857142036349,0.0,Synthetic_GHA_2025
1619,-0.2,0.16,281.6999999990115,0.0,Synthetic_GHA_2025
1620,-0.2,0.16,281.7142857943689,0.0,Synthetic_GHA_2025
1621,-0.2,0.16,281.72857153212897,0.0,Synthetic_GHA_2025
1622,-0.2,0.16,281.742857191983,0.0,Synthetic_GHA_2025
1623,-0.19,0.16,281.7571428068078,0.0,Synthetic_GHA_2025
1624,-0.19,0.16,281.77142846663804,0.0,Synthetic_GHA_2025
1625,-0.19,0.16,281.78571420435003,0.0,Synthetic_GHA_2025
1626,-0.19,0.17,281.79999999963314,0.0,Synthetic_GHA_2025
1627,-0.19,0.17,281.81428579490887,0.0,Synthetic_GHA_2025
1628,-0.19,0.17,281.82857153259806,0.0,Synthetic_GHA_2025
1629,-0.19,0.17,281.8428571923899,0.0,Synthetic_GHA_2025
1630,-0.19,0.17,281.8571428071609,0.0,Synthetic_GHA_2025
1631,-0.19,0.17,281.8714284669441,0.0,Synthetic_GHA_2025
1632,-0.19,0.18,281.88571420461517,0.0,Synthetic_GHA_2025
1633,-0.19,0.18,281.89999999986367,0.0,Synthetic_GHA_2025
1634,-0.19,0.18,281.9142857951091,0.0,Synthetic_GHA_2025
1635,-0.18,0.18,281.9285715327719,0.0,Synthetic_GHA_2025
1636,-0.18,0.18,281.94285719254157,0.0,Synthetic_GHA_2025
1637,-0.18,0.18,281.95714280729294,0.0,Synthetic_GHA_2025
1638,-0.18,0.19,281.9714284670592,0.0,Synthetic_GHA_2025
1639,-0.18,0.19,281.98571420471575,0.0,Synthetic_GHA_2025
1640,-0.18,0.19,281.99999999995106,0.0,Synthetic_GHA_2025
1641,-0.18,0.19,282.01428579518523,0.0,Synthetic_GHA_2025
1642,-0.18,0.19,282.02857153283867,0.0,Synthetic_GHA_2025
1643,-0.18,0.2,282.04285719259957,0.0,Synthetic_GHA_2025
1644,-0.18,0.2,282.0571428073436,0.0,Synthetic_GHA_2025
1645,-0.18,0.2,282.0714284671032,0.0,Synthetic_GHA_2025
1646,-0.17,0.2,282.08571420475414,0.0,Synthetic_GHA_2025
1647,-0.17,0.2,282.0999999999847,0.0,Synthetic_GHA_2025
1648,-0.17,0.21,282.11428579521424,0.0,Synthetic_GHA_2025
1649,-0.17,0.21,282.12857153286376,0.0,Synthetic_GHA_2025
1650,-0.17,0.21,282.1428571926212,0.0,Synthetic_GHA_2025
1651,-0.17,0.21,282.15714280736233,0.0,Synthetic_GHA_2025
1652,-0.17,0.21,282.17142846711914,0.0,Synthetic_GHA_2025
1653,-0.17,0.22,282.18571420476775,0.0,Synthetic_GHA_2025
1654,-0.17,0.22,282.19999999999584,0.0,Synthetic_GHA_2025
1655,-0.17,0.22,282.21428579522393,0.0,Synthetic_GHA_2025
1656,-0.17,0.22,282.22857153287185,0.0,Synthetic_GHA_2025
1657,-0.17,0.22,282.2428571926282,0.0,Synthetic_GHA_2025
1658,-0.16,0.23,282.2571428073681,0.0,Synthetic_GHA_2025
1659,-0.16,0.23,282.27142846712394,0.0,Synthetic_GHA_2025
1660,-0.16,0.23,282.2857142047715,0.0,Synthetic_GHA_2025
1661,-0.16,0.23,282.29999999999916,0.0,Synthetic_GHA_2025
1662,-0.16,0.23,282.3142857952266,0.0,Synthetic_GHA_2025
1663,-0.16,0.24,282.3285715328742,0.0,Synthetic_GHA_2025
1664,-0.16,0.24,282.3428571926298,0.0,Synthetic_GHA_2025
1665,-0.16,0.24,282.3571428073693,0.0,Synthetic_GHA_2025
1666,-0.16,0.24,282.3714284671252,0.0,Synthetic_GHA_2025
1667,-0.16,0.25,282.3857142047725,0.0,Synthetic_GHA_2025
1668,-0.16,0.25,282.40000000000003,0.0,Synthetic_GHA_2025
1669,-0.16,0.25,282.41428579522716,0.0,Synthetic_GHA_2025
1670,-0.15,0.25,282.4285715328747,0.0,Synthetic_GHA_2025
1671,-0.15,0.26,282.44285719263064,0.0,Synthetic_GHA_2025
1672,-0.15,0.26,282.4571428073702,0.0,Synthetic_GHA_2025
1673,-0.15,0.26,282.4714284671264,0.0,Synthetic_GHA_2025
1674,-0.15,0.26,282.4857142047741,0.0,Synthetic_GHA_2025
1675,-0.15,0.27,282.5000000000023,0.0,Synthetic_GHA_2025
1676,-0.15,0.27,282.51428579523065,0.0,Synthetic_GHA_2025
1677,-0.15,0.27,282.5285715328798,0.0,Synthetic_GHA_2025
1678,-0.15,0.27,282.54285719263765,0.0,Synthetic_GHA_2025
1679,-0.15,0.28,282.5571428073802,0.0,Synthetic_GHA_2025
1680,-0.15,0.28,282.57142846714,0.0,Synthetic_GHA_2025
1681,-0.14,0.28,282.58571420479257,0.0,Synthetic_GHA_2025
1682,-0.14,0.28,282.600000000027,0.0,Synthetic_GHA_2025
1683,-0.14,0.29,282.6142857952638,0.0,Synthetic_GHA_2025
1684,-0.14,0.29,282.6285715329234,0.0,Synthetic_GHA_2025
1685,-0.14,0.29,282.6428571926945,0.0,Synthetic_GHA_2025
1686,-0.14,0.3,282.6571428074534,0.0,Synthetic_GHA_2025
1687,-0.14,0.3,282.6714284672335,0.0,Synthetic_GHA_2025
1688,-0.14,0.3,282.68571420491105,0.0,Synthetic_GHA_2025
1689,-0.14,0.3,282.7000000001761,0.0,Synthetic_GHA_2025
1690,-0.14,0.31,282.71428579544977,0.0,Synthetic_GHA_2025
1691,-0.14,0.31,282.7285715331538,0.0,Synthetic_GHA_2025
1692,-0.14,0.31,282.742857192978,0.0,Synthetic_GHA_2025
1693,-0.13,0.32,282.75714280779954,0.0,Synthetic_GHA_2025
1694,-0.13,0.32,282.77142846765327,0.0,Synthetic_GHA_2025
1695,-0.13,0.32,282.7857142054173,0.0,Synthetic_GHA_2025
1696,-0.13,0.32,282.8000000007833,0.0,Synthetic_GHA_2025
1697,-0.13,0.33,282.8142857961744,0.0,Synthetic_GHA_2025
1698,-0.13,0.33,282.8285715340139,0.0,Synthetic_GHA_2025
1699,-0.13,0.33,282.84285719399423,0.0,Synthetic_GHA_2025
1700,-0.13,0.34,282.85714280899373,0.0,Synthetic_GHA_2025
1701,-0.13,0.34,282.87142846905016,0.0,Synthetic_GHA_2025
1702,-0.13,0.34,282.88571420704415,0.0,Synthetic_GHA_2025
1703,-0.13,0.35,282.90000000267094,0.0,Synthetic_GHA_2025
1704,-0.13,0.35,282.9142857983566,0.0,Synthetic_GHA_2025
1705,-0.12,0.35,282.92857153652744,0.0,Synthetic_GHA_2025
1706,-0.12,0.36,282.94285719687855,0.0,Synthetic_GHA_2025
1707,-0.12,0.36,282.95714281229124,0.0,Synthetic_GHA_2025
1708,-0.12,0.36,282.97142847280776,0.0,Synthetic_GHA_2025
1709,-0.12,0.37,282.9857142113119,0.0,Synthetic_GHA_2025
1710,-0.12,0.37,283.00000000750435,0.0,Synthetic_GHA_2025
1711,-0.12,0.37,283.01428580381577,0.0,Synthetic_GHA_2025
1712,-0.12,0.38,283.02857154267696,0.0,Synthetic_GHA_2025
1713,-0.12,0.38,283.042857203787,0.0,Synthetic_GHA_2025
1714,-0.12,0.39,283.0571428200308,0.0,Synthetic_GHA_2025
1715,-0.12,0.39,283.07142848145656,0.0,Synthetic_GHA_2025
1716,-0.11,0.39,283.0857142209542,0.0,Synthetic_GHA_2025
1717,-0.11,0.4,283.1000000182313,0.0,Synthetic_GHA_2025
1718,-0.11,0.4,283.1142858157256,0.0,Synthetic_GHA_2025
1719,-0.11,0.4,283.12857155587386,0.0,Synthetic_GHA_2025
1720,-0.11,0.41,283.14285721838087,0.0,Synthetic_GHA_2025
1721,-0.11,0.41,283.15714283613715,0.0,Synthetic_GHA_2025
1722,-0.11,0.42,283.1714284991995,0.0,Synthetic_GHA_2025
1723,-0.11,0.42,283.18571424046553,0.0,Synthetic_GHA_2025
1724,-0.11,0.42,283.20000003965583,0.0,Synthetic_GHA_2025
1725,-0.11,0.43,283.2142858392165,0.0,Synthetic_GHA_2025
1726,-0.11,0.43,283.2285715815942,0.0,Synthetic_GHA_2025
1727,-0.11,0.44,283.24285724650326,0.0,Synthetic_GHA_2025
1728,-0.1,0.44,283.257142866842,0.0,Synthetic_GHA_2025
1729,-0.1,0.44,283.27142853268197,0.0,Synthetic_GHA_2025
1730,-0.1,0.45,283.285714276933,0.0,Synthetic_GHA_2025
1731,-0.1,0.45,283.3000000793354,0.0,Synthetic_GHA_2025
1732,-0.1,0.46,283.3142858823518,0.0,Synthetic_GHA_2025
1733,-0.1,0.46,283.3285716284443,0.0,Synthetic_GHA_2025
1734,-0.1,0.47,283.3428572973438,0.0,Synthetic_GHA_2025
1735,-0.1,0.47,283.35714292196167,0.0,Synthetic_GHA_2025
1736,-0.1,0.48,283.3714285923964,0.0,Synthetic_GHA_2025
1737,-0.1,0.48,283.38571434157916,0.0,Synthetic_GHA_2025
1738,-0.1,0.48,283.4000001492863,0.0,Synthetic_GHA_2025
1739,-0.1,0.49,283.41428595800966,0.0,Synthetic_GHA_2025
1740,-0.09,0.49,283.4285717102413,0.0,Synthetic_GHA_2025
1741,-0.09,0.5,283.4428573857412,0.0,Synthetic_GHA_2025
1742,-0.09,0.5,283.4571430174472,0.0,Synthetic_GHA_2025
1743,-0.09,0.51,283.4714286955025,0.0,Synthetic_GHA_2025
1744,-0.09,0.51,283.4857144528769,0.0,Synthetic_GHA_2025
1745,-0.09,0.52,283.5000002694021,0.0,Synthetic_GHA_2025
1746,-0.09,0.52,283.51428608761364,0.0,Synthetic_GHA_2025
1747,-0.09,0.53,283.5285718500424,0.0,Synthetic_GHA_2025
1748,-0.09,0.53,283.54285753648105,0.0,Synthetic_GHA_2025
1749,-0.09,0.54,283.5571431798902,0.0,Synthetic_GHA_2025
1750,-0.09,0.54,283.571428870452,0.0,Synthetic_GHA_2025
1751,-0.08,0.55,283.58571464116034,0.0,Synthetic_GHA_2025
1752,-0.08,0.55,283.60000047188726,0.0,Synthetic_GHA_2025
1753,-0.08,0.56,283.61428630518736,0.0,Synthetic_GHA_2025
1754,-0.08,0.56,283.62857208360384,0.0,Synthetic_GHA_2025
1755,-0.08,0.57,283.64285778693227,0.0,Synthetic_GHA_2025
1756,-0.08,0.58,283.6571434481207,0.0,Synthetic_GHA_2025
1757,-0.08,0.58,283.6714291573553,0.0,Synthetic_GHA_2025
1758,-0.08,0.59,283.6857149476179,0.0,Synthetic_GHA_2025
1759,-0.08,0.59,283.7000007987861,0.0,Synthetic_GHA_2025
1760,-0.08,0.6,283.7142866535159,0.0,Synthetic_GHA_2025
1761,-0.08,0.6,283.72857245512927,0.0,Synthetic_GHA_2025
1762,-0.08,0.61,283.74285818596485,0.0,Synthetic_GHA_2025
1763,-0.07,0.62,283.7571438838184,0.0,Synthetic_GHA_2025
1764,-0.07,0.62,283.77142964352225,0.0,Synthetic_GHA_2025
1765,-0.07,0.63,283.7857155135369,0.0,Synthetic_GHA_2025
1766,-0.07,0.63,283.80000152612894,0.0,Synthetic_GHA_2025
1767,-0.07,0.64,283.81428766638106,0.0,Synthetic_GHA_2025
1768,-0.07,0.65,283.8285739285691,0.0,Synthetic_GHA_2025
1769,-0.07,0.65,283.84286031091455,0.0,Synthetic_GHA_2025
1770,-0.07,0.66,283.857146855903,0.0,Synthetic_GHA_2025
1771,-0.07,0.66,283.87143361745916,0.0,Synthetic_GHA_2025
1772,-0.07,0.67,283.88572060016645,0.0,Synthetic_GHA_2025
1773,-0.07,0.68,283.9000078021183,0.0,Synthetic_GHA_2025
1774,-0.07,0.68,283.9142951839235,0.0,Synthetic_GHA_2025
1775,-0.06,0.69,283.92858272330295,0.0,Synthetic_GHA_2025
1776,-0.06,0.7,283.94287040930675,0.0,Synthetic_GHA_2025
1777,-0.06,0.7,283.9571582776614,0.0,Synthetic_GHA_2025
1778,-0.06,0.71,283.97144637659284,0.0,Synthetic_GHA_2025
1779,-0.06,0.72,283.98573470935213,0.0,Synthetic_GHA_2025
1780,-0.06,0.72,284.00002327482156,0.0,Synthetic_GHA_2025
1781,-0.06,0.73,284.01431203983736,0.0,Synthetic_GHA_2025
1782,-0.06,0.74,284.02860098922616,0.0,Synthetic_GHA_2025
1783,-0.06,0.74,284.0428901223616,0.0,Synthetic_GHA_2025
1784,-0.06,0.75,284.05717947693086,0.0,Synthetic_GHA_2025
1785,-0.06,0.76,284.0714690972486,0.0,Synthetic_GHA_2025
1786,-0.05,0.77,284.0857589890263,0.0,Synthetic_GHA_2025
1787,-0.05,0.77,284.1000491544453,0.0,Synthetic_GHA_2025
1788,-0.05,0.78,284.114339573228,0.0,Synthetic_GHA_2025
1789,-0.05,0.79,284.1286302419707,0.0,Synthetic_GHA_2025
1790,-0.05,0.8,284.1429211774004,0.0,Synthetic_GHA_2025
1791,-0.05,0.8,284.15721241544526,0.0,Synthetic_GHA_2025
1792,-0.05,0.81,284.17150398750294,0.0,Synthetic_GHA_2025
1793,-0.05,0.82,284.1857959011351,0.0,Synthetic_GHA_2025
1794,-0.05,0.83,284.2000881626888,0.0,Synthetic_GHA_2025
1795,-0.05,0.84,284.2143807752977,0.0,Synthetic_GHA_2025
1796,-0.05,0.84,284.228673756502,0.0,Synthetic_GHA_2025
1797,-0.05,0.85,284.2429671557749,0.0,Synthetic_GHA_2025
1798,-0.04,0.86,284.25726100492653,0.0,Synthetic_GHA_2025
1799,-0.04,0.87,284.2715553111717,0.0,Synthetic_GHA_2025
1800,-0.04,0.88,284.2858500878297,0.0,Synthetic_GHA_2025
1801,-0.04,0.88,284.3001453522349,0.0,Synthetic_GHA_2025
1802,-0.04,0.89,284.3144411552935,0.0,Synthetic_GHA_2025
1803,-0.04,0.9,284.3287375580217,0.0,Synthetic_GHA_2025
1804,-0.04,0.91,284.34303467883876,0.0,Synthetic_GHA_2025
1805,-0.04,0.92,284.35733254981636,0.0,Synthetic_GHA_2025
1806,-0.04,0.93,284.3716311429874,0.0,Synthetic_GHA_2025
1807,-0.04,0.94,284.38593049506204,0.0,Synthetic_GHA_2025
1808,-0.04,0.95,284.4002306595334,0.0,Synthetic_GHA_2025
1809,-0.04,0.95,284.4145317945418,0.0,Synthetic_GHA_2025
1810,-0.03,0.96,284.4288340647732,0.0,Synthetic_GHA_2025
1811,-0.03,0.97,284.4431377514257,0.0,Synthetic_GHA_2025
1812,-0.03,0.98,284.4574429258213,0.0,Synthetic_GHA_2025
1813,-0.03,0.99,284.4717495398647,0.0,Synthetic_GHA_2025
1814,-0.03,1.0,284.4860577304298,0.0,Synthetic_GHA_2025
1815,-0.03,1.01,284.5003676850229,0.0,Synthetic_GHA_2025
1816,-0.03,1.02,284.5146798451474,0.0,Synthetic_GHA_2025
1817,-0.03,1.03,284.52899464176136,0.0,Synthetic_GHA_2025
1818,-0.03,1.04,284.54331266507137,0.0,Synthetic_GHA_2025
1819,-0.03,1.05,284.5576340201322,0.0,Synthetic_GHA_2025
1820,-0.03,1.06,284.57195847524093,0.0,Synthetic_GHA_2025
1821,-0.02,1.07,284.5862862229984,0.0,Synthetic_GHA_2025
1822,-0.02,1.08,284.6006175318698,0.0,Synthetic_GHA_2025
1823,-0.02,1.09,284.61495333686776,0.0,Synthetic_GHA_2025
1824,-0.02,1.1,284.62929460074,0.0,Synthetic_GHA_2025
1825,-0.02,1.11,284.64364266863413,0.0,Synthetic_GHA_2025
1826,-0.02,1.12,284.65799784565445,0.0,Synthetic_GHA_2025
1827,-0.02,1.13,284.67235967331374,0.0,Synthetic_GHA_2025
1828,-0.02,1.14,284.6867286270733,0.0,Synthetic_GHA_2025
1829,-0.02,1.16,284.7011053455354,0.0,Synthetic_GHA_2025
1830,-0.02,1.17,284.7154920397887,0.0,Synthetic_GHA_2025
1831,-0.02,1.18,284.7298910952416,0.0,Synthetic_GHA_2025
1832,-0.02,1.19,284.7443059690798,0.0,Synthetic_GHA_2025
1833,-0.01,1.2,284.75873776576583,0.0,Synthetic_GHA_2025
1834,-0.01,1.21,284.77531899468363,0.0,Synthetic_GHA_2025
1835,-0.01,1.22,284.81616828203727,0.0,Synthetic_GHA_2025
1836,-0.01,1.24,284.9930181403666,0.0,Synthetic_GHA_2025
1837,-0.01,1.25,285.6357721063462,0.0,Synthetic_GHA_2025
1838,-0.01,1.26,287.1512173965525,0.0,Synthetic_GHA_2025
1839,-0.01,1.27,289.4506699571673,0.0,Synthetic_GHA_2025
1840,-0.01,1.28,291.79306498257387,0.0,Synthetic_GHA_2025
1841,-0.01,1.3,293.60615097856044,0.0,Synthetic_GHA_2025
1842,-0.01,1.31,294.85367121388674,0.0,Synthetic_GHA_2025
1843,-0.01,1.32,295.71341278226504,0.0,Synthetic_GHA_2025
1844,-0.01,1.33,296.3469489159023,0.0,Synthetic_GHA_2025
1845,0.0,1.35,296.8556202596309,0.0,Synthetic_GHA_2025
1846,0.0,1.36,297.296511291979,0.0,Synthetic_GHA_2025
1847,0.0,1.37,297.7008993645463,0.0,Synthetic_GHA_2025
1848,0.0,1.38,298.085785365364,0.0,Synthetic_GHA_2025
1849,0.0,1.4,298.460385943459,0.0,Synthetic_GHA_2025
1850,0.0,1.41,298.8293179402791,0.0,Synthetic_GHA_2025
1851,0.01,1.43,299.19430113217186,0.0,Synthetic_GHA_2025
1852,0.01,1.44,299.55466023519983,0.0,Synthetic_GHA_2025
1853,0.02,1.45,299.9071562201931,0.0,Synthetic_GHA_2025
1854,0.03,1.47,300.2447797649876,0.0,Synthetic_GHA_2025
1855,0.03,1.48,300.55436988117935,0.0,Synthetic_GHA_2025
1856,0.04,1.49,300.81157080679225,0.0,Synthetic_GHA_2025
1857,0.05,1.51,300.97165108726045,0.0,Synthetic_GHA_2025
1858,0.05,1.52,300.95338848013915,0.0,Synthetic_GHA_2025
1859,0.06,1.54,300.6183063220803,0.0,Synthetic_GHA_2025
1860,0.07,1.55,299.7769051562795,0.0,Synthetic_GHA_2025
1861,0.08,1.57,298.32984706956114,0.0,Synthetic_GHA_2025
1862,0.08,1.58,296.6277196396776,0.0,Synthetic_GHA_2025
1863,0.09,1.6,295.4779393882318,0.0,Synthetic_GHA_2025
1864,0.1,1.61,295.2874380954546,0.0,Synthetic_GHA_2025
1865,0.1,1.63,295.7433000490871,0.0,Synthetic_GHA_2025
1866,0.11,1.64,296.4284283416671,0.0,Synthetic_GHA_2025
1867,0.12,1.66,297.1427325205349,0.0,Synthetic_GHA_2025
1868,0.12,1.68,297.8570434688196,0.0,Synthetic_GHA_2025
1869,0.13,1.69,298.5713489457692,0.0,Synthetic_GHA_2025
1870,0.14,1.71,299.2856487633872,0.0,Synthetic_GHA_2025
1871,0.14,1.72,299.99994539956316,0.0,Synthetic_GHA_2025
1872,0.15,1.74,300.7142403175613,0.0,Synthetic_GHA_2025
1873,0.16,1.76,301.428534919199,0.0,Synthetic_GHA_2025
1874,0.16,1.77,302.14282906205216,0.0,Synthetic_GHA_2025
1875,0.17,1.79,302.8571225293444,0.0,Synthetic_GHA_2025
1876,0.18,1.81,303.57141421959403,0.0,Synthetic_GHA_2025
1877,0.19,1.83,304.2857038999577,0.0,Synthetic_GHA_2025
1878,0.19,1.84,304.99999249405425,0.0,Synthetic_GHA_2025
1879,0.2,1.86,305.7142805694931,0.0,Synthetic_GHA_2025
1880,0.21,1.88,306.4285687109988,0.0,Synthetic_GHA_2025
1881,0.21,1.9,307.1428568462067,0.0,Synthetic_GHA_2025
1882,0.22,1.92,307.85714486087454,0.0,Synthetic_GHA_2025
1883,0.23,1.93,308.57143223292326,0.0,Synthetic_GHA_2025
1884,0.23,1.95,309.28571881916145,0.0,Synthetic_GHA_2025
1885,0.24,1.97,310.00000501099646,0.0,Synthetic_GHA_2025
1886,0.25,1.99,310.7142910528354,0.0,Synthetic_GHA_2025
1887,0.25,2.01,311.4285772100149,0.0,Synthetic_GHA_2025
1888,0.26,2.03,312.14286346374007,0.0,Synthetic_GHA_2025
1889,0.27,2.05,312.8571497613342,0.0,Synthetic_GHA_2025
1890,0.27,2.07,313.5714358835048,0.0,Synthetic_GHA_2025
1891,0.28,2.09,314.2857217588471,0.0,Synthetic_GHA_2025
1892,0.29,2.11,315.00000755856325,0.0,Synthetic_GHA_2025
1893,0.29,2.13,315.7142933484623,0.0,Synthetic_GHA_2025
1894,0.3,2.15,316.42857920311894,0.0,Synthetic_GHA_2025
1895,0.31,2.17,317.1428650986181,0.0,Synthetic_GHA_2025
1896,0.32,2.19,317.8571510039082,0.0,Synthetic_GHA_2025
1897,0.32,2.21,318.57143682740417,0.0,Synthetic_GHA_2025
1898,0.33,2.23,319.2857225477216,0.0,Synthetic_GHA_2025
1899,0.34,2.25,320.000008242156,0.0,Synthetic_GHA_2025
1900,0.34,2.27,320.714293933315,0.0,Synthetic_GHA_2025
1901,0.35,2.3,321.428579638771,0.0,Synthetic_GHA_2025
1902,0.36,2.32,322.1428653434752,0.0,Synthetic_GHA_2025
1903,0.36,2.34,322.85715103145566,0.0,Synthetic_GHA_2025
1904,0.37,2.36,323.5714366813281,0.0,Synthetic_GHA_2025
1905,0.38,2.39,324.28572230041976,0.0,Synthetic_GHA_2025
1906,0.38,2.41,325.00000791930586,0.0,Synthetic_GHA_2025
1907,0.39,2.43,325.71429353738444,0.0,Synthetic_GHA_2025
1908,0.4,2.46,326.4285791417665,0.0,Synthetic_GHA_2025
1909,0.4,2.48,327.1428647226847,0.0,Synthetic_GHA_2025
1910,0.41,2.5,327.8571502728272,0.0,Synthetic_GHA_2025
1911,0.42,2.53,328.5714358086365,0.0,Synthetic_GHA_2025
1912,0.43,2.55,329.2857213531495,0.0,Synthetic_GHA_2025
1913,0.43,2.58,330.00000691283583,0.0,Synthetic_GHA_2025
1914,0.44,2.6,330.7142924744588,0.0,Synthetic_GHA_2025
1915,0.45,2.62,331.4285780089141,0.0,Synthetic_GHA_2025
1916,0.45,2.65,332.14286350948834,0.0,Synthetic_GHA_2025
1917,0.46,2.68,332.8571489736979,0.0,Synthetic_GHA_2025
1918,0.47,2.7,333.57143443775004,0.0,Synthetic_GHA_2025
1919,0.47,2.73,334.28571993247596,0.0,Synthetic_GHA_2025
1920,0.48,2.75,335.00000545193615,0.0,Synthetic_GHA_2025
1921,0.49,2.78,335.7142909761505,0.0,Synthetic_GHA_2025
1922,0.49,2.81,336.42857646793624,0.0,Synthetic_GHA_2025
1923,0.5,2.83,337.142861922493,0.0,Synthetic_GHA_2025
1924,0.51,2.86,337.85714734011697,0.0,Synthetic_GHA_2025
1925,0.51,2.89,338.57143276658775,0.0,Synthetic_GHA_2025
1926,0.52,2.92,339.285718236153,0.0,Synthetic_GHA_2025
1927,0.53,2.94,340.000003737347,0.0,Synthetic_GHA_2025
1928,0.53,2.97,340.7142892477015,0.0,Synthetic_GHA_2025
1929,0.54,3.0,341.4285747278171,0.0,Synthetic_GHA_2025
1930,0.55,3.03,342.1428601754423,0.0,Synthetic_GHA_2025
1931,0.56,3.06,342.85714559408956,0.0,Synthetic_GHA_2025
1932,0.56,3.09,343.57143103520133,0.0,Synthetic_GHA_2025
1933,0.57,3.12,344.2857165364743,0.0,Synthetic_GHA_2025
1934,0.58,3.15,345.0000020878944,0.0,Synthetic_GHA_2025
1935,0.58,3.18,345.7142876704658,0.0,Synthetic_GHA_2025
1936,0.59,3.21,346.42857324944146,0.0,Synthetic_GHA_2025
1937,0.6,3.24,347.1428588289976,0.0,Synthetic_GHA_2025
1938,0.6,3.27,347.8571444194822,0.0,Synthetic_GHA_2025
1939,0.61,3.3,348.5714300747628,0.0,Synthetic_GHA_2025
1940,0.62,3.33,349.28571581813543,0.0,Synthetic_GHA_2025
1941,0.62,3.36,350.00000162713997,0.0,Synthetic_GHA_2025
1942,0.63,3.4,350.7142874433993,0.0,Synthetic_GHA_2025
1943,0.64,3.43,351.42857320920166,0.0,Synthetic_GHA_2025
1944,0.64,3.46,352.1428589041046,0.0,Synthetic_GHA_2025
1945,0.65,3.5,352.8571445609124,0.0,Synthetic_GHA_2025
1946,0.66,3.53,353.5714302696871,0.0,Synthetic_GHA_2025
1947,0.67,3.56,354.2857160633653,0.0,Synthetic_GHA_2025
1948,0.67,3.6,355.00000192182307,0.0,Synthetic_GHA_2025
1949,0.68,3.63,355.71428778755455,0.0,Synthetic_GHA_2025
1950,0.69,3.67,356.4285736030294,0.0,Synthetic_GHA_2025
1951,0.69,3.7,357.14285934791053,0.0,Synthetic_GHA_2025
1952,0.7,3.74,357.8571450550434,0.0,Synthetic_GHA_2025
1953,0.71,3.77,358.57143081457775,0.0,Synthetic_GHA_2025
1954,0.71,3.81,359.28571665947493,0.0,Synthetic_GHA_2025
1955,0.72,3.85,360.0000025696691,0.0,Synthetic_GHA_2025
1956,0.73,3.88,360.7142884876924,0.0,Synthetic_GHA_2025
1957,0.73,3.92,361.42857435603173,0.0,Synthetic_GHA_2025
1958,0.74,3.96,362.1428601543725,0.0,Synthetic_GHA_2025
1959,0.75,3.99,362.8571459155286,0.0,Synthetic_GHA_2025
1960,0.75,4.03,363.57143172966727,0.0,Synthetic_GHA_2025
1961,0.76,4.07,364.28571762970535,0.0,Synthetic_GHA_2025
1962,0.77,4.11,365.0000035955867,0.0,Synthetic_GHA_2025
1963,0.77,4.15,365.7142895698122,0.0,Synthetic_GHA_2025
1964,0.78,4.19,366.42857549483233,0.0,Synthetic_GHA_2025
1965,0.79,4.23,367.1428613502906,0.0,Synthetic_GHA_2025
1966,0.8,4.27,367.8571471689281,0.0,Synthetic_GHA_2025
1967,0.8,4.31,368.5714330408766,0.0,Synthetic_GHA_2025
1968,0.81,4.35,369.2857189989948,0.0,Synthetic_GHA_2025
1969,0.82,4.39,370.0000050232087,0.0,Synthetic_GHA_2025
1970,0.82,4.44,370.7142910559766,0.0,Synthetic_GHA_2025
1971,0.83,4.48,371.42857703970645,0.0,Synthetic_GHA_2025
1972,0.84,4.52,372.1428629539945,0.0,Synthetic_GHA_2025
1973,0.84,4.57,372.8571488315088,0.0,Synthetic_GHA_2025
1974,0.85,4.61,373.5714348741434,0.0,Synthetic_GHA_2025
1975,0.86,4.65,374.285721226943,0.0,Synthetic_GHA_2025
1976,0.86,4.7,375.000007975303,0.0,Synthetic_GHA_2025
1977,0.87,4.74,375.71429510917466,0.0,Synthetic_GHA_2025
1978,0.88,4.79,376.42858258384007,0.0,Synthetic_GHA_2025
1979,0.88,4.83,377.1428703526264,0.0,Synthetic_GHA_2025
1980,0.89,4.88,377.8571583705682,0.0,Synthetic_GHA_2025
1981,0.9,4.93,378.5714466012047,0.0,Synthetic_GHA_2025
1982,0.91,4.98,379.28573501115056,0.0,Synthetic_GHA_2025
1983,0.91,5.02,380.0000235726553,0.0,Synthetic_GHA_2025
1984,0.92,5.07,380.7143122580042,0.0,Synthetic_GHA_2025
1985,0.93,5.12,381.42860104455025,0.0,Synthetic_GHA_2025
1986,0.93,5.17,382.1428899181279,0.0,Synthetic_GHA_2025
1987,0.94,5.22,382.8571788671031,0.0,Synthetic_GHA_2025
1988,0.95,5.27,383.571467883619,0.0,Synthetic_GHA_2025
1989,0.95,5.32,384.28575695891647,0.0,Synthetic_GHA_2025
1990,0.96,5.37,385.0000460852201,0.0,Synthetic_GHA_2025
1991,0.97,5.42,385.71433525208414,0.5,Synthetic_GHA_2025
1992,0.97,5.47,386.4286244505954,1.0,Synthetic_GHA_2025
1993,0.98,5.53,387.1429136765801,1.5,Synthetic_GHA_2025
1994,0.99,5.58,387.8572029267199,2.0,Synthetic_GHA_2025
1995,0.99,5.63,388.5714921998408,2.5,Synthetic_GHA_2025
1996,1.0,5.69,389.28578149343156,3.0,Synthetic_GHA_2025
1997,1.01,5.74,390.0000708052507,3.5,Synthetic_GHA_2025
1998,1.01,5.8,390.714360130212,4.0,Synthetic_GHA_2025
1999,1.02,5.85,391.42864946406024,4.5,Synthetic_GHA_2025
2000,1.03,5.91,392.14293880633824,5.0,Synthetic_GHA_2025
2001,1.04,5.96,392.85722815708795,7.5,Synthetic_GHA_2025
2002,1.04,6.02,393.57151751812717,10.0,Synthetic_GHA_2025
2003,1.05,6.08,394.2858068898712,12.5,Synthetic_GHA_2025
2004,1.06,6.14,395.00009627279485,15.0,Synthetic_GHA_2025
2005,1.06,6.2,395.71438566436694,17.5,Synthetic_GHA_2025
2006,1.07,6.26,396.42867506252685,20.0,Synthetic_GHA_2025
2007,1.08,6.32,397.1429644688179,22.5,Synthetic_GHA_2025
2008,1.08,6.38,397.85725388512725,25.0,Synthetic_GHA_2025
2009,1.09,6.44,398.57154331514903,27.5,Synthetic_GHA_2025
2010,1.1,6.5,399.2858327609469,30.0,Synthetic_GHA_2025
2011,1.1,6.56,400.0001222245973,32.0,Synthetic_GHA_2025
2012,1.11,6.62,400.71441170481063,34.0,Synthetic_GHA_2025
2013,1.12,6.69,401.4287012006107,36.0,Synthetic_GHA_2025
2014,1.12,6.75,402.1429907148464,38.0,Synthetic_GHA_2025
2015,1.13,6.82,402.85728025060826,40.0,Synthetic_GHA_2025
2016,1.14,6.88,403.57156981296475,42.0,Synthetic_GHA_2025
2017,1.15,6.95,404.2858594052072,44.0,Synthetic_GHA_2025
2018,1.15,7.02,405.0001490305063,46.0,Synthetic_GHA_2025
2019,1.16,7.08,405.7144386883632,48.0,Synthetic_GHA_2025
2020,1.17,7.15,406.42872837851553,50.0,Synthetic_GHA_2025
2021,1.17,7.22,407.1430181048592,52.0,Synthetic_GHA_2025
2022,1.18,7.29,407.8573078716686,54.0,Synthetic_GHA_2025
2023,1.19,7.36,408.57159768541834,56.0,Synthetic_GHA_2025
2024,1.19,7.43,409.2858875506093,58.0,Synthetic_GHA_2025
2025,1.1,7.5,410.0001774717146,50.0,Synthetic_GHA_2025
